quarter,Private Equity Buyout
2015Q1,0.021
2015Q2,0.025
2015Q3,0.018
2015Q4,0.022
2016Q1,0.015
2016Q2,0.019
2016Q3,0.024
2016Q4,0.028
2017Q1,0.031
2017Q2,0.027
2017Q3,0.022
2017Q4,0.026
2018Q1,0.020
2018Q2,0.017
2018Q3,0.012
2018Q4,-0.008
2019Q1,0.014
2019Q2,0.023
2019Q3,0.026
2019Q4,0.030
2020Q1,-0.045
2020Q2,0.005
2020Q3,0.028
2020Q4,0.038
2021Q1,0.042
2021Q2,0.045
2021Q3,0.037
2021Q4,0.033
2022Q1,0.010
2022Q2,-0.020
2022Q3,-0.012
2022Q4,0.002
2023Q1,0.011
2023Q2,0.016
2023Q3,0.014
2023Q4,0.019
2024Q1,0.021
2024Q2,0.024
2024Q3,0.020
2024Q4,0.023
